<?xml version="1.0" encoding="utf-8" ?>
<dwsync>
<file name="Material-Design-Icons.woff2" server="C:/wamp/www/e-learning-platform/" local="130793785420000000" remote="130793785420000000" />
<file name="Material-Design-Icons.woff" server="C:/wamp/www/e-learning-platform/" local="130793785420000000" remote="130793785420000000" />
<file name="Material-Design-Icons.ttf" server="C:/wamp/www/e-learning-platform/" local="130793785420000000" remote="130793785420000000" />
<file name="LICENSE.txt" server="C:/wamp/www/e-learning-platform/" local="130793785420000000" remote="130793785420000000" />
<file name="Material-Design-Icons.eot" server="C:/wamp/www/e-learning-platform/" local="130793785420000000" remote="130793785420000000" />
<file name="Material-Design-Icons.svg" server="C:/wamp/www/e-learning-platform/" local="130793785420000000" remote="130793785420000000" />
<file name="LICENSE.txt" server="C:/wamp/www/medrus/" local="130885039040000000" remote="130885039040000000" />
<file name="Material-Design-Icons.eot" server="C:/wamp/www/medrus/" local="130885039040000000" remote="130885039040000000" />
<file name="Material-Design-Icons.svg" server="C:/wamp/www/medrus/" local="130885039040000000" remote="130885039040000000" />
<file name="Material-Design-Icons.ttf" server="C:/wamp/www/medrus/" local="130885039050000000" remote="130885039050000000" />
<file name="Material-Design-Icons.woff" server="C:/wamp/www/medrus/" local="130885039050000000" remote="130885039050000000" />
<file name="Material-Design-Icons.woff2" server="C:/wamp/www/medrus/" local="130885039050000000" remote="130885039050000000" />
<file name="LICENSE.txt" server="C:/wamp/www/html5games/" local="130885039040000000" remote="130885039040000000" />
<file name="Material-Design-Icons.eot" server="C:/wamp/www/html5games/" local="130885039040000000" remote="130885039040000000" />
<file name="Material-Design-Icons.svg" server="C:/wamp/www/html5games/" local="130885039040000000" remote="130885039040000000" />
<file name="Material-Design-Icons.ttf" server="C:/wamp/www/html5games/" local="130885039050000000" remote="130885039050000000" />
<file name="Material-Design-Icons.woff" server="C:/wamp/www/html5games/" local="130885039050000000" remote="130885039050000000" />
<file name="Material-Design-Icons.woff2" server="C:/wamp/www/html5games/" local="130885039050000000" remote="130885039050000000" />
</dwsync>