<?xml version="1.0" encoding="utf-8" ?>
<dwsync>
<file name="Roboto-Thin.woff2" server="C:/wamp/www/e-learning-platform/" local="130793785420000000" remote="130793785420000000" />
<file name="Roboto-Thin.woff" server="C:/wamp/www/e-learning-platform/" local="130793785420000000" remote="130793785420000000" />
<file name="Roboto-Thin.ttf" server="C:/wamp/www/e-learning-platform/" local="130793785420000000" remote="130793785420000000" />
<file name="Roboto-Light.woff2" server="C:/wamp/www/e-learning-platform/" local="130793785420000000" remote="130793785420000000" />
<file name="Roboto-Light.woff" server="C:/wamp/www/e-learning-platform/" local="130793785420000000" remote="130793785420000000" />
<file name="Roboto-Light.ttf" server="C:/wamp/www/e-learning-platform/" local="130793785420000000" remote="130793785420000000" />
<file name="Roboto-Regular.woff2" server="C:/wamp/www/e-learning-platform/" local="130793785420000000" remote="130793785420000000" />
<file name="Roboto-Regular.woff" server="C:/wamp/www/e-learning-platform/" local="130793785420000000" remote="130793785420000000" />
<file name="Roboto-Regular.ttf" server="C:/wamp/www/e-learning-platform/" local="130793785420000000" remote="130793785420000000" />
<file name="Roboto-Medium.woff2" server="C:/wamp/www/e-learning-platform/" local="130793785420000000" remote="130793785420000000" />
<file name="Roboto-Medium.woff" server="C:/wamp/www/e-learning-platform/" local="130793785420000000" remote="130793785420000000" />
<file name="Roboto-Medium.ttf" server="C:/wamp/www/e-learning-platform/" local="130793785420000000" remote="130793785420000000" />
<file name="Roboto-Bold.woff2" server="C:/wamp/www/e-learning-platform/" local="130793785420000000" remote="130793785420000000" />
<file name="Roboto-Bold.woff" server="C:/wamp/www/e-learning-platform/" local="130793785420000000" remote="130793785420000000" />
<file name="Roboto-Bold.ttf" server="C:/wamp/www/e-learning-platform/" local="130885039060000000" remote="130885039060000000" />
<file name="Roboto-Bold.ttf" server="C:/wamp/www/medrus/" local="130885039060000000" remote="130885039060000000" />
<file name="Roboto-Bold.woff" server="C:/wamp/www/medrus/" local="130885039060000000" remote="130885039060000000" />
<file name="Roboto-Bold.woff2" server="C:/wamp/www/medrus/" local="130885039060000000" remote="130885039060000000" />
<file name="Roboto-Light.ttf" server="C:/wamp/www/medrus/" local="130885039070000000" remote="130885039070000000" />
<file name="Roboto-Light.woff" server="C:/wamp/www/medrus/" local="130885039070000000" remote="130885039070000000" />
<file name="Roboto-Light.woff2" server="C:/wamp/www/medrus/" local="130885039070000000" remote="130885039070000000" />
<file name="Roboto-Medium.ttf" server="C:/wamp/www/medrus/" local="130885039080000000" remote="130885039080000000" />
<file name="Roboto-Medium.woff" server="C:/wamp/www/medrus/" local="130885039080000000" remote="130885039080000000" />
<file name="Roboto-Medium.woff2" server="C:/wamp/www/medrus/" local="130885039080000000" remote="130885039080000000" />
<file name="Roboto-Regular.ttf" server="C:/wamp/www/medrus/" local="130885039090000000" remote="130885039090000000" />
<file name="Roboto-Regular.woff" server="C:/wamp/www/medrus/" local="130885039090000000" remote="130885039090000000" />
<file name="Roboto-Regular.woff2" server="C:/wamp/www/medrus/" local="130885039090000000" remote="130885039090000000" />
<file name="Roboto-Thin.ttf" server="C:/wamp/www/medrus/" local="130885039090000000" remote="130885039090000000" />
<file name="Roboto-Thin.woff" server="C:/wamp/www/medrus/" local="130885039100000000" remote="130885039100000000" />
<file name="Roboto-Thin.woff2" server="C:/wamp/www/medrus/" local="130885039100000000" remote="130885039100000000" />
<file name="Roboto-Bold.ttf" server="C:/wamp/www/html5games/" local="130885039060000000" remote="130885039060000000" />
<file name="Roboto-Bold.woff" server="C:/wamp/www/html5games/" local="130885039060000000" remote="130885039060000000" />
<file name="Roboto-Bold.woff2" server="C:/wamp/www/html5games/" local="130885039060000000" remote="130885039060000000" />
<file name="Roboto-Light.ttf" server="C:/wamp/www/html5games/" local="130885039070000000" remote="130885039070000000" />
<file name="Roboto-Light.woff" server="C:/wamp/www/html5games/" local="130885039070000000" remote="130885039070000000" />
<file name="Roboto-Light.woff2" server="C:/wamp/www/html5games/" local="130885039070000000" remote="130885039070000000" />
<file name="Roboto-Medium.ttf" server="C:/wamp/www/html5games/" local="130885039080000000" remote="130885039080000000" />
<file name="Roboto-Medium.woff" server="C:/wamp/www/html5games/" local="130885039080000000" remote="130885039080000000" />
<file name="Roboto-Medium.woff2" server="C:/wamp/www/html5games/" local="130885039080000000" remote="130885039080000000" />
<file name="Roboto-Regular.ttf" server="C:/wamp/www/html5games/" local="130885039090000000" remote="130885039090000000" />
<file name="Roboto-Regular.woff" server="C:/wamp/www/html5games/" local="130885039090000000" remote="130885039090000000" />
<file name="Roboto-Regular.woff2" server="C:/wamp/www/html5games/" local="130885039090000000" remote="130885039090000000" />
<file name="Roboto-Thin.ttf" server="C:/wamp/www/html5games/" local="130885039090000000" remote="130885039090000000" />
<file name="Roboto-Thin.woff" server="C:/wamp/www/html5games/" local="130885039100000000" remote="130885039100000000" />
<file name="Roboto-Thin.woff2" server="C:/wamp/www/html5games/" local="130885039100000000" remote="130885039100000000" />
</dwsync>